{"max_depth": 6, "min_samples_split": 0.2183538819404795, "min_samples_leaf": 0.10094467502971759, "max_features": 0.9787778448844082}