{"max_depth": 7, "min_samples_split": 0.10811398161169118, "min_samples_leaf": 0.10010742476077619, "max_features": 0.9748659806084459}