{"learning_rate": 0.035608626868287335, "num_leaves": 152, "min_data_in_leaf": 46, "reg_alpha": 0.7493647554395146, "min_child_samples": 33, "max_depth": 7, "min_child_weight": 0.027338398098262277, "subsample": 0.5328363136202824, "colsample_bytree": 0.7452960968224038, "subsample_freq": 4, "min_split_gain": 0.00203245703916804, "max_delta_step": 0, "scale_pos_weight": 0.1703693448857999}